time,setpoint,response,pwm,,Parameters
863603340,100.00,99.95,0.05,,Labtype,Position
863628200,100.00,99.95,0.05,,Feedforward,
863642172,100.00,99.95,0.05,,OL Voltage,
863664720,100.00,99.95,0.05,,Setpoint,100
863682552,100.00,99.95,0.05,,Saturation,"-12,12"
863705792,100.00,99.95,0.05,,PID Sample Time,2
863720800,100.00,99.95,0.05,,P,1
863747804,100.00,99.95,0.05,,I,0
863762120,100.00,99.95,0.05,,D,0
863787236,100.00,99.95,0.05,,Controller State,1
863802584,100.00,99.95,0.05,,,0
863824960,100.00,99.95,0.05,,,
863840728,100.00,99.95,0.05,,,
863867732,100.00,99.95,0.05,,,
863882988,100.00,99.95,0.05,,,
863905364,100.00,99.95,0.05,,,
863920020,100.00,99.95,0.05,,,
863943256,100.00,99.95,0.05,,,
863957404,100.00,99.95,0.05,,,
863980640,100.00,99.95,0.05,,,
863995644,100.00,99.95,0.05,,,
864021624,100.00,99.95,0.05,,,
864037388,100.00,99.95,0.05,,,
864059168,100.00,99.95,0.05,,,
864072540,100.00,99.95,0.05,,,
864091492,100.00,99.95,0.05,,,
864105976,100.00,99.95,0.05,,,
864128180,100.00,99.95,0.05,,,
864143180,100.00,99.95,0.05,,,
864167356,100.00,99.95,0.05,,,
864185956,100.00,99.95,0.05,,,
864206704,100.00,99.95,0.05,,,
864220676,100.00,99.95,0.05,,,
864245884,100.00,99.95,0.05,,,
864260620,100.00,99.95,0.05,,,
864288140,100.00,99.95,0.05,,,
864302624,100.00,99.95,0.05,,,
864329288,100.00,99.95,0.05,,,
864346512,100.00,99.95,0.05,,,
864369748,100.00,99.95,0.05,,,
864384064,100.00,99.95,0.05,,,
864410032,100.00,99.95,0.05,,,
864422888,100.00,99.95,0.05,,,
864447828,100.00,99.95,0.05,,,
864463008,100.00,99.95,0.05,,,
864486068,100.00,99.95,0.05,,,
864521652,100.00,99.95,0.05,,,
864562972,100.00,99.95,0.05,,,
864583376,100.00,99.95,0.05,,,
864617928,100.00,99.95,0.05,,,
864636872,100.00,99.95,0.05,,,
864664568,100.00,99.95,0.05,,,
864679916,100.00,99.95,0.05,,,
864702120,100.00,99.95,0.05,,,
864718928,100.00,99.95,0.05,,,
864742756,100.00,99.95,0.05,,,
864753816,100.00,99.95,0.05,,,
864774980,100.00,99.95,0.05,,,
864786640,100.00,99.95,0.05,,,
864810904,100.00,99.95,0.05,,,
864827708,100.00,99.95,0.05,,,
864852572,100.00,99.95,0.05,,,
864867576,100.00,99.95,0.05,,,
864889088,100.00,99.95,0.05,,,
864902116,100.00,99.95,0.05,,,
864922176,100.00,99.95,0.05,,,
864936148,100.00,99.95,0.05,,,
864958524,100.00,99.95,0.05,,,
864971384,100.00,99.95,0.05,,,
864991444,100.00,99.95,0.05,,,
865002756,100.00,99.95,0.05,,,
865030872,100.00,99.95,0.05,,,
865047848,100.00,99.95,0.05,,,
865070048,100.00,99.95,0.05,,,
865085824,100.00,99.95,0.05,,,
865108196,100.00,99.95,0.05,,,
865122512,100.00,99.95,0.05,,,
865144800,100.00,99.95,0.05,,,
865160148,100.00,99.95,0.05,,,
865185528,100.00,99.95,0.05,,,
865200192,100.00,99.95,0.05,,,
865220416,100.00,99.95,0.05,,,
865254024,100.00,99.95,0.05,,,
865297500,100.00,99.95,0.05,,,
865318072,100.00,99.95,0.05,,,
865350132,100.00,99.95,0.05,,,
865366588,100.00,99.95,0.05,,,
865393592,100.00,99.95,0.05,,,
865410304,100.00,99.95,0.05,,,
865432424,100.00,99.95,0.05,,,
865449228,100.00,99.95,0.05,,,
865471680,100.00,99.95,0.05,,,
865485568,100.00,99.95,0.05,,,
865506736,100.00,99.95,0.05,,,
865518660,100.00,99.95,0.05,,,
865540344,100.00,99.95,0.05,,,
865555172,100.00,99.95,0.05,,,
865577716,100.00,99.95,0.05,,,
865591860,100.00,99.95,0.05,,,
865618524,100.00,99.95,0.05,,,
865634636,100.00,99.95,0.05,,,
865658044,100.00,99.95,0.05,,,
865672776,100.00,99.95,0.05,,,
865694212,100.00,99.95,0.05,,,
865708356,100.00,99.95,0.05,,,
865731764,100.00,99.95,0.05,,,
865747532,100.00,99.95,0.05,,,
865769212,100.00,99.95,0.05,,,
865783356,100.00,99.95,0.05,,,
865810788,100.00,99.95,0.05,,,
865829044,100.00,99.95,0.05,,,
865858712,100.00,99.95,0.05,,,
865877312,100.00,99.95,0.05,,,
865900372,100.00,99.95,0.05,,,
865916832,100.00,99.95,0.05,,,
865941176,100.00,99.95,0.05,,,
865957292,100.00,99.95,0.05,,,
865983012,100.00,99.95,0.05,,,
865998192,100.00,99.95,0.05,,,
866030516,100.00,99.95,0.05,,,
866048012,100.00,99.95,0.05,,,
866072872,100.00,99.95,0.05,,,
866087528,100.00,99.95,0.05,,,
866113080,100.00,99.95,0.05,,,
866130740,100.00,99.95,0.05,,,
866154744,100.00,99.95,0.05,,,
866169060,100.00,99.95,0.05,,,
866194092,100.00,99.95,0.05,,,
866227184,100.00,99.95,0.05,,,
866270564,100.00,99.95,0.05,,,
866292172,100.00,99.95,0.05,,,
866327236,100.00,99.95,0.05,,,
866344728,100.00,99.95,0.05,,,
866373364,100.00,99.95,0.05,,,
866390760,100.00,99.95,0.05,,,
866415796,100.00,99.95,0.05,,,
866430456,100.00,99.95,0.05,,,
866451720,100.00,99.95,0.05,,,
866467828,100.00,99.95,0.05,,,
866490896,100.00,99.95,0.05,,,
866505208,100.00,99.95,0.05,,,
866530240,100.00,99.95,0.05,,,
866545244,100.00,99.95,0.05,,,
866572252,100.00,99.95,0.05,,,
866585452,100.00,99.95,0.05,,,
866609212,100.00,99.95,0.05,,,
866645728,100.00,99.95,0.05,,,
866689716,100.00,99.95,0.05,,,
866711916,100.00,99.95,0.05,,,
866742868,100.00,99.95,0.05,,,
866762504,100.00,99.95,0.05,,,
866790028,100.00,99.95,0.05,,,
866807348,100.00,99.95,0.05,,,
866831524,100.00,99.95,0.05,,,
866846948,100.00,99.95,0.05,,,
866871044,100.00,99.95,0.05,,,
866883384,100.00,99.95,0.05,,,
866906528,100.00,99.95,0.05,,,
866922564,100.00,99.95,0.05,,,
866945968,100.00,99.95,0.05,,,
866981720,100.00,99.95,0.05,,,
867025708,100.00,99.95,0.05,,,
867047572,100.00,99.95,0.05,,,
867077828,100.00,99.95,0.05,,,
867097888,100.00,99.95,0.05,,,
867125492,100.00,99.95,0.05,,,
867142812,100.00,99.95,0.05,,,
867165700,100.00,99.95,0.05,,,
867177872,100.00,99.95,0.05,,,
867198444,100.00,99.95,0.05,,,
867211132,100.00,99.95,0.05,,,
867237452,100.00,99.95,0.05,,,
867253908,100.00,99.95,0.05,,,
867277320,100.00,99.95,0.05,,,
867294888,100.00,99.95,0.05,,,
867321380,100.00,99.95,0.05,,,
867336804,100.00,99.95,0.05,,,
867360724,100.00,99.95,0.05,,,
867376840,100.00,99.95,0.05,,,
867402564,100.00,99.95,0.05,,,
867415596,100.00,99.95,0.05,,,
867440628,100.00,99.95,0.05,,,
867458128,100.00,99.95,0.05,,,
867481528,100.00,99.95,0.05,,,
867499028,100.00,99.95,0.05,,,
867523200,100.00,99.95,0.05,,,
867541460,100.00,99.95,0.05,,,
867562896,100.00,99.95,0.05,,,
867578244,100.00,99.95,0.05,,,
867605596,100.00,99.95,0.05,,,
867627280,100.00,99.95,0.05,,,
867654112,100.00,99.95,0.05,,,
867672376,100.00,99.95,0.05,,,
867694152,100.00,99.95,0.05,,,
867710784,100.00,99.95,0.05,,,
867736164,100.00,99.95,0.05,,,
867751684,100.00,99.95,0.05,,,
867775860,100.00,99.95,0.05,,,
867794636,100.00,99.95,0.05,,,
867820532,100.00,99.95,0.05,,,
867837508,100.00,99.95,0.05,,,
867863312,100.00,99.95,0.05,,,
867877112,100.00,99.95,0.05,,,
867899660,100.00,99.95,0.05,,,
867914660,100.00,99.95,0.05,,,
867939008,100.00,99.95,0.05,,,
867956672,100.00,99.95,0.05,,,
867984024,100.00,99.95,0.05,,,
868003660,100.00,99.95,0.05,,,
868024232,100.00,99.95,0.05,,,
868051244,100.00,99.95,0.05,,,
868079708,100.00,99.95,0.05,,,
868096412,100.00,99.95,0.05,,,
868120932,100.00,99.95,0.05,,,
868137732,100.00,99.95,0.05,,,
868160800,100.00,99.95,0.05,,,
868176224,100.00,99.95,0.05,,,
868206828,100.00,99.95,0.05,,,
868227748,100.00,99.95,0.05,,,
868250292,100.00,99.95,0.05,,,
868267100,100.00,99.95,0.05,,,
868289648,100.00,99.95,0.05,,,
868331912,100.00,99.95,0.05,,,
868376412,100.00,99.95,0.05,,,
868398956,100.00,99.95,0.05,,,
868427764,100.00,99.95,0.05,,,
868445680,100.00,99.95,0.05,,,
868473032,100.00,99.95,0.05,,,
868489140,100.00,99.95,0.05,,,
868510576,100.00,99.95,0.05,,,
868527032,100.00,99.95,0.05,,,
868551380,100.00,99.95,0.05,,,
868563896,100.00,99.95,0.05,,,
868592952,100.00,99.95,0.05,,,
868607440,100.00,99.95,0.05,,,
868630500,100.00,99.95,0.05,,,
868644992,100.00,99.95,0.05,,,
868664704,100.00,99.95,0.05,,,
868677388,100.00,99.95,0.05,,,
868698388,100.00,99.95,0.05,,,
868711072,100.00,99.95,0.05,,,
868736528,100.00,99.95,0.05,,,
868752396,100.00,99.95,0.05,,,
868776736,100.00,99.95,0.05,,,
868792340,100.00,99.95,0.05,,,
868817372,100.00,99.95,0.05,,,
868838884,100.00,99.95,0.05,,,
868869148,100.00,99.95,0.05,,,
868884148,100.00,99.95,0.05,,,
868908836,100.00,99.95,0.05,,,
868924952,100.00,99.95,0.05,,,
868950752,100.00,99.95,0.05,,,
868966448,100.00,99.95,0.05,,,
868989676,100.00,99.95,0.05,,,
869007076,100.00,99.95,0.05,,,
869031596,100.00,99.95,0.05,,,
869046772,100.00,99.95,0.05,,,
869070352,100.00,99.95,0.05,,,
869085180,100.00,99.95,0.05,,,
869107736,100.00,99.95,0.05,,,
869123160,100.00,99.95,0.05,,,
869147332,100.00,99.95,0.05,,,
869165760,100.00,99.95,0.05,,,
869192424,100.00,99.95,0.05,,,
869206396,100.00,99.95,0.05,,,
869233228,100.00,99.95,0.05,,,
869248824,100.00,99.95,0.05,,,
869275836,100.00,99.95,0.05,,,
869291432,100.00,99.95,0.05,,,
869319896,100.00,99.95,0.05,,,
869340640,100.00,99.95,0.05,,,
869367476,100.00,99.95,0.05,,,
869384700,100.00,99.95,0.05,,,
869406480,100.00,99.95,0.05,,,
869422768,100.00,99.95,0.05,,,
869445832,100.00,99.95,0.05,,,
869459284,100.00,99.95,0.05,,,
869483976,100.00,99.95,0.05,,,
869502920,100.00,99.95,0.05,,,
869567912,100.00,99.95,0.05,,,
869598272,100.00,99.95,0.05,,,
869633852,100.00,99.95,0.05,,,
869651344,100.00,99.95,0.05,,,
869681436,100.00,99.95,0.05,,,
869698928,100.00,99.95,0.05,,,
869722584,100.00,99.95,0.05,,,
869737932,100.00,99.95,0.05,,,
869762968,100.00,99.95,0.05,,,
869777800,100.00,99.95,0.05,,,
869805232,100.00,99.95,0.05,,,
869822896,100.00,99.95,0.05,,,
869846724,100.00,99.95,0.05,,,
869860448,100.00,99.95,0.05,,,
869885312,100.00,99.95,0.05,,,
869901772,100.00,99.95,0.05,,,
869928432,100.00,99.95,0.05,,,
869942060,100.00,99.95,0.05,,,
869967784,100.00,99.95,0.05,,,
870011164,100.00,99.95,0.05,,,
870052144,100.00,99.95,0.05,,,
870074172,100.00,99.95,0.05,,,
870104780,100.00,99.95,0.05,,,
870123904,100.00,99.95,0.05,,,
870146792,100.00,99.95,0.05,,,
870163600,100.00,99.95,0.05,,,
870186492,100.00,99.95,0.05,,,
870202780,100.00,99.95,0.05,,,
870229612,100.00,99.95,0.05,,,
870247280,100.00,99.95,0.05,,,
870269824,100.00,99.95,0.05,,,
870286884,100.00,99.95,0.05,,,
870313376,100.00,99.95,0.05,,,
870330176,100.00,99.95,0.05,,,
870355900,100.00,99.95,0.05,,,
870369704,100.00,99.95,0.05,,,
870394052,100.00,99.95,0.05,,,
870406148,100.00,99.95,0.05,,,
870429976,100.00,99.95,0.05,,,
870445568,100.00,99.95,0.05,,,
870470776,100.00,99.95,0.05,,,
870487064,100.00,99.95,0.05,,,
870511748,100.00,99.95,0.05,,,
870528968,100.00,99.95,0.05,,,
870550232,100.00,99.95,0.05,,,
870567892,100.00,99.95,0.05,,,
870596528,100.00,99.95,0.05,,,
870614612,100.00,99.95,0.05,,,
870668112,100.00,99.95,0.05,,,
870697092,100.00,99.95,0.05,,,
870733268,100.00,99.95,0.05,,,
870753668,100.00,99.95,0.05,,,
870780328,100.00,99.95,0.05,,,
870800308,100.00,99.95,0.05,,,
870827224,100.00,99.95,0.05,,,
870840940,100.00,99.95,0.05,,,
870865628,100.00,99.95,0.05,,,
870883024,100.00,99.95,0.05,,,
870905572,100.00,99.95,0.05,,,
870924172,100.00,99.95,0.05,,,
870946896,100.00,99.95,0.05,,,
870964636,100.00,99.95,0.05,,,
870988384,100.00,99.95,0.05,,,
871004672,100.00,99.95,0.05,,,
871028424,100.00,99.95,0.05,,,
871047024,100.00,99.95,0.05,,,
871071028,100.00,99.95,0.05,,,
871086376,100.00,99.95,0.05,,,
871111064,100.00,99.95,0.05,,,
871128636,100.00,99.95,0.05,,,
871153324,100.00,99.95,0.05,,,
871167048,100.00,99.95,0.05,,,
871191740,100.00,99.95,0.05,,,
871208368,100.00,99.95,0.05,,,
871234688,100.00,99.95,0.05,,,
871252256,100.00,99.95,0.05,,,
871276176,100.00,99.95,0.05,,,
871294608,100.00,99.95,0.05,,,
871320336,100.00,99.95,0.05,,,
871335684,100.00,99.95,0.05,,,
871365180,100.00,99.95,0.05,,,
871383440,100.00,99.95,0.05,,,
871408648,100.00,99.95,0.05,,,
871427420,100.00,99.95,0.05,,,
871452108,100.00,99.95,0.05,,,
871465656,100.00,99.95,0.05,,,
871492488,100.00,99.95,0.05,,,
871511096,100.00,99.95,0.05,,,
871536468,100.00,99.95,0.05,,,
871550784,100.00,99.95,0.05,,,
871573160,100.00,99.95,0.05,,,
871591000,100.00,99.95,0.05,,,
871611996,100.00,99.95,0.05,,,
871628116,100.00,99.95,0.05,,,
871685904,100.00,99.95,0.05,,,
871711112,100.00,99.95,0.05,,,
871746176,100.00,99.95,0.05,,,
871764776,100.00,99.95,0.05,,,
871795900,100.00,99.95,0.05,,,
871810808,100.00,99.95,0.05,,,
871833872,100.00,99.95,0.05,,,
871849808,100.00,99.95,0.05,,,
871875956,100.00,99.95,0.05,,,
871893104,100.00,99.95,0.05,,,
871918136,100.00,99.95,0.05,,,
871931000,100.00,99.95,0.05,,,
871959808,100.00,99.95,0.05,,,
871979100,100.00,99.95,0.05,,,
872005412,100.00,99.95,0.05,,,
872024440,100.00,99.95,0.05,,,
872045184,100.00,99.95,0.05,,,
872061640,100.00,99.95,0.05,,,
872083672,100.00,99.95,0.05,,,
872098848,100.00,99.95,0.05,,,
872125928,100.00,99.95,0.05,,,
872142728,100.00,99.95,0.05,,,
872165452,100.00,99.95,0.05,,,
872181908,100.00,99.95,0.05,,,
872204108,100.00,99.95,0.05,,,
872218248,100.00,99.95,0.05,,,
872243112,100.00,99.95,0.05,,,
872261028,100.00,99.95,0.05,,,
872286240,100.00,99.95,0.05,,,
872298580,100.00,99.95,0.05,,,
872324896,100.00,99.95,0.05,,,
872343496,100.00,99.95,0.05,,,
872364420,100.00,99.95,0.05,,,
872380704,100.00,99.95,0.05,,,
872405568,100.00,99.95,0.05,,,
872422716,100.00,99.95,0.05,,,
872446988,100.00,99.95,0.05,,,
872463100,100.00,99.95,0.05,,,
872488820,100.00,99.95,0.05,,,
872505532,100.00,99.95,0.05,,,
872531940,100.00,99.95,0.05,,,
872548228,100.00,99.95,0.05,,,
872571804,100.00,99.95,0.05,,,
872588516,100.00,99.95,0.05,,,
872626760,100.00,99.95,0.05,,,
872645360,100.00,99.95,0.05,,,
872688316,100.00,99.95,0.05,,,
872708716,100.00,99.95,0.05,,,
872733064,100.00,99.95,0.05,,,
872748756,100.00,99.95,0.05,,,
872781164,100.00,99.95,0.05,,,
872801736,100.00,99.95,0.05,,,
872831916,100.00,99.95,0.05,,,
872850352,100.00,99.95,0.05,,,
872880788,100.00,99.95,0.05,,,
872898452,100.00,99.95,0.05,,,
872925632,100.00,99.95,0.05,,,
872944924,100.00,99.95,0.05,,,
872989160,100.00,99.95,0.05,,,
873007588,100.00,99.95,0.05,,,
873034080,100.00,99.95,0.05,,,
873048564,100.00,99.95,0.05,,,
873074884,100.00,99.95,0.05,,,
873089884,100.00,99.95,0.05,,,
873115604,100.00,99.95,0.05,,,
873128296,100.00,99.95,0.05,,,
873154436,100.00,99.95,0.05,,,
873191824,100.00,99.95,0.05,,,
873235292,100.00,99.95,0.05,,,
873257836,100.00,99.95,0.05,,,
873292388,100.00,99.95,0.05,,,
873313132,100.00,99.95,0.05,,,
873339624,100.00,99.95,0.05,,,
873357192,100.00,99.95,0.05,,,
873387456,100.00,99.95,0.05,,,
873404776,100.00,99.95,0.05,,,
873427152,100.00,99.95,0.05,,,
873444128,100.00,99.95,0.05,,,
873469164,100.00,99.95,0.05,,,
873486564,100.00,99.95,0.05,,,
873511004,100.00,99.95,0.05,,,
873526252,100.00,99.95,0.05,,,
873550948,100.00,99.95,0.05,,,
873569032,100.00,99.95,0.05,,,
873594756,100.00,99.95,0.05,,,
873641484,100.00,99.95,0.05,,,
873681528,100.00,99.95,0.05,,,
873703556,100.00,99.95,0.05,,,
873734928,100.00,99.95,0.05,,,
873753184,100.00,99.95,0.05,,,
873778736,100.00,99.95,0.05,,,
873794084,100.00,99.95,0.05,,,
873817152,100.00,99.95,0.05,,,
873831636,100.00,99.95,0.05,,,
873855980,100.00,99.95,0.05,,,
873874932,100.00,99.95,0.05,,,
873899964,100.00,99.95,0.05,,,
873918572,100.00,99.95,0.05,,,
873947552,100.00,99.95,0.05,,,
873962560,100.00,99.95,0.05,,,
873987420,100.00,99.95,0.05,,,
874007056,100.00,99.95,0.05,,,
874037660,100.00,99.95,0.05,,,
874056604,100.00,99.95,0.05,,,
874089704,100.00,99.95,0.05,,,
874111560,100.00,99.95,0.05,,,
874144828,100.00,99.95,0.05,,,
874161880,100.00,99.95,0.05,,,
874195148,100.00,99.95,0.05,,,
874217176,100.00,99.95,0.05,,,
874247092,100.00,99.95,0.05,,,
874262620,100.00,99.95,0.05,,,
874311140,100.00,99.95,0.05,,,
874327256,100.00,99.95,0.05,,,
874357004,100.00,99.95,0.05,,,
874378516,100.00,99.95,0.05,,,
874404580,100.00,99.95,0.05,,,
874423608,100.00,99.95,0.05,,,
874451132,100.00,99.95,0.05,,,
874470848,100.00,99.95,0.05,,,
874497168,100.00,99.95,0.05,,,
874511824,100.00,99.95,0.05,,,
874536856,100.00,99.95,0.05,,,
874553912,100.00,99.95,0.05,,,
874585208,100.00,99.95,0.05,,,
874604152,100.00,99.95,0.05,,,
874631156,100.00,99.95,0.05,,,
874647792,100.00,99.95,0.05,,,
874673424,100.00,99.95,0.05,,,
874699320,100.00,99.95,0.05,,,
874728296,100.00,99.95,0.05,,,
874743824,100.00,99.95,0.05,,,
874773048,100.00,99.95,0.05,,,
874792856,100.00,99.95,0.05,,,
874820808,100.00,99.95,0.05,,,
874840860,100.00,99.95,0.05,,,
874867872,100.00,99.95,0.05,,,
874883128,100.00,99.95,0.05,,,
874908504,100.00,99.95,0.05,,,
874921876,100.00,99.95,0.05,,,
874947608,100.00,99.95,0.05,,,
874964576,100.00,99.95,0.05,,,
874990648,100.00,99.95,0.05,,,
875005820,100.00,99.95,0.05,,,
875037540,100.00,99.95,0.05,,,
875075616,100.00,99.95,0.05,,,
875122680,100.00,99.95,0.05,,,
875147888,100.00,99.95,0.05,,,
875178076,100.00,99.95,0.05,,,
875194880,100.00,99.95,0.05,,,
875220260,100.00,99.95,0.05,,,
875236968,100.00,99.95,0.05,,,
875263972,100.00,99.95,0.05,,,
875279748,100.00,99.95,0.05,,,
875306240,100.00,99.95,0.05,,,
875321836,100.00,99.95,0.05,,,
875349020,100.00,99.95,0.05,,,
875364788,100.00,99.95,0.05,,,
875391280,100.00,99.95,0.05,,,
875406972,100.00,99.95,0.05,,,
875430896,100.00,99.95,0.05,,,
875447612,100.00,99.95,0.05,,,
875471192,100.00,99.95,0.05,,,
875486024,100.00,99.95,0.05,,,
875508228,100.00,99.95,0.05,,,
875522128,100.00,99.95,0.05,,,
875548268,100.00,99.95,0.05,,,
875566184,100.00,99.95,0.05,,,
875587868,100.00,99.95,0.05,,,
875603900,100.00,99.95,0.05,,,
875646168,100.00,99.95,0.05,,,
875666052,100.00,99.95,0.05,,,
875695796,100.00,99.95,0.05,,,
875713884,100.00,99.95,0.05,,,
875736776,100.00,99.95,0.05,,,
875752720,100.00,99.95,0.05,,,
875780836,100.00,99.95,0.05,,,
875803040,100.00,99.95,0.05,,,
875827900,100.00,99.95,0.05,,,
875845392,100.00,99.95,0.05,,,
875870080,100.00,99.95,0.05,,,
875885608,100.00,99.95,0.05,,,
875911920,100.00,99.95,0.05,,,
875930180,100.00,99.95,0.05,,,
875953668,100.00,99.95,0.05,,,
875970644,100.00,99.95,0.05,,,
875995676,100.00,99.95,0.05,,,
876009224,100.00,99.95,0.05,,,
876030832,100.00,99.95,0.05,,,
876047640,100.00,99.95,0.05,,,
876074132,100.00,99.95,0.05,,,
876086988,100.00,99.95,0.05,,,
876112712,100.00,99.95,0.05,,,
876133636,100.00,99.95,0.05,,,
876156012,100.00,99.95,0.05,,,
876169640,100.00,99.95,0.05,,,
876194156,100.00,99.95,0.05,,,
876212248,100.00,99.95,0.05,,,
876235828,100.00,99.95,0.05,,,
876251940,100.00,99.95,0.05,,,
876280572,100.00,99.95,0.05,,,
876298064,100.00,99.95,0.05,,,
876321132,100.00,99.95,0.05,,,
876337420,100.00,99.95,0.05,,,
876360480,100.00,99.95,0.05,,,
876374284,100.00,99.95,0.05,,,
876399836,100.00,99.95,0.05,,,
876415016,100.00,99.95,0.05,,,
876441332,100.00,99.95,0.05,,,
876454368,100.00,99.95,0.05,,,
876475884,100.00,99.95,0.05,,,
876492684,100.00,99.95,0.05,,,
876515924,100.00,99.95,0.05,,,
876532384,100.00,99.95,0.05,,,
876556316,100.00,99.95,0.05,,,
876570972,100.00,99.95,0.05,,,
876597804,100.00,99.95,0.05,,,
876614604,100.00,99.95,0.05,,,
876642896,100.00,99.95,0.05,,,
876660048,100.00,99.95,0.05,,,
876684316,100.00,99.95,0.05,,,
876702400,100.00,99.95,0.05,,,
876724604,100.00,99.95,0.05,,,
876741752,100.00,99.95,0.05,,,
876765584,100.00,99.95,0.05,,,
876786328,100.00,99.95,0.05,,,
876813340,100.00,99.95,0.05,,,
876832112,100.00,99.95,0.05,,,
876857740,100.00,99.95,0.05,,,
876872228,100.00,99.95,0.05,,,
876896148,100.00,99.95,0.05,,,
876914064,100.00,99.95,0.05,,,
876939272,100.00,99.95,0.05,,,
876954100,100.00,99.95,0.05,,,
876977584,100.00,99.95,0.05,,,
876992072,100.00,99.95,0.05,,,
877016932,100.00,99.95,0.05,,,
877034080,100.00,99.95,0.05,,,
877056036,100.00,99.95,0.05,,,
877073008,100.00,99.95,0.05,,,
877098216,100.00,99.95,0.05,,,
877114676,100.00,99.95,0.05,,,
877137396,100.00,99.95,0.05,,,
877153164,100.00,99.95,0.05,,,
877178032,100.00,99.95,0.05,,,
877200828,100.00,99.95,0.05,,,
877232292,100.00,99.95,0.05,,,
877249436,100.00,99.95,0.05,,,
877273956,100.00,99.95,0.05,,,
877293848,100.00,99.95,0.05,,,
877322824,100.00,99.95,0.05,,,
877339284,100.00,99.95,0.05,,,
877364664,100.00,99.95,0.05,,,
877378040,100.00,99.95,0.05,,,
877397160,100.00,99.95,0.05,,,
877411820,100.00,99.95,0.05,,,
877438312,100.00,99.95,0.05,,,
877452032,100.00,99.95,0.05,,,
877477072,100.00,99.95,0.05,,,
877495924,100.00,99.95,0.05,,,
877518300,100.00,99.95,0.05,,,
877533820,100.00,99.95,0.05,,,
877559716,100.00,99.95,0.05,,,
877577636,100.00,99.95,0.05,,,
877604988,100.00,99.95,0.05,,,
877624356,100.00,99.95,0.05,,,
877648868,100.00,99.95,0.05,,,
877666020,100.00,99.95,0.05,,,
877689084,100.00,99.95,0.05,,,
877705716,100.00,99.95,0.05,,,
877732036,100.00,99.95,0.05,,,
877746352,100.00,99.95,0.05,,,
877771216,100.00,99.95,0.05,,,
877791792,100.00,99.95,0.05,,,
877818284,100.00,99.95,0.05,,,
877835084,100.00,99.95,0.05,,,
877857632,100.00,99.95,0.05,,,
877875380,100.00,99.95,0.05,,,
877900068,100.00,99.95,0.05,,,
877915248,100.00,99.95,0.05,,,
877939768,100.00,99.95,0.05,,,
877959308,100.00,99.95,0.05,,,
877986484,100.00,99.95,0.05,,,
877999180,100.00,99.95,0.05,,,
878025496,100.00,99.95,0.05,,,
878041784,100.00,99.95,0.05,,,
878067680,100.00,99.95,0.05,,,
878083112,100.00,99.95,0.05,,,
878109424,100.00,99.95,0.05,,,
878125884,100.00,99.95,0.05,,,
878147324,100.00,99.95,0.05,,,
878163020,100.00,99.95,0.05,,,
878191480,100.00,99.95,0.05,,,
878208192,100.00,99.95,0.05,,,
878231940,100.00,99.95,0.05,,,
878244976,100.00,99.95,0.05,,,
878271712,100.00,99.95,0.05,,,
878289720,100.00,99.95,0.05,,,
878314836,100.00,99.95,0.05,,,
878332500,100.00,99.95,0.05,,,
878356080,100.00,99.95,0.05,,,
878373056,100.00,99.95,0.05,,,
878397400,100.00,99.95,0.05,,,
878413344,100.00,99.95,0.05,,,
878438976,100.00,99.95,0.05,,,
878457060,100.00,99.95,0.05,,,
878478920,100.00,99.95,0.05,,,
878495376,100.00,99.95,0.05,,,
878521104,100.00,99.95,0.05,,,
878537048,100.00,99.95,0.05,,,
878561736,100.00,99.95,0.05,,,
878578368,100.00,99.95,0.05,,,
878602544,100.00,99.95,0.05,,,
878620208,100.00,99.95,0.05,,,
878642240,100.00,99.95,0.05,,,
878660492,100.00,99.95,0.05,,,
878682696,100.00,99.95,0.05,,,
878699676,100.00,99.95,0.05,,,
878724016,100.00,99.95,0.05,,,
878740652,100.00,99.95,0.05,,,
878773052,100.00,99.95,0.05,,,
878791312,100.00,99.95,0.05,,,
878811720,100.00,99.95,0.05,,,
878827408,100.00,99.95,0.05,,,
878848240,100.00,99.95,0.05,,,
878861612,100.00,99.95,0.05,,,
878880904,100.00,99.95,0.05,,,
878894356,100.00,99.95,0.05,,,
878954884,100.00,99.95,0.05,,,
878978544,100.00,99.95,0.05,,,
879009320,100.00,99.95,0.05,,,
879028096,100.00,99.95,0.05,,,
879055276,100.00,99.95,0.05,,,
879074820,100.00,99.95,0.05,,,
879102172,100.00,99.95,0.05,,,
879114424,100.00,99.95,0.05,,,
879137656,100.00,99.95,0.05,,,
879154112,100.00,99.95,0.05,,,
879174868,100.00,99.95,0.05,,,
879191156,100.00,99.95,0.05,,,
879212072,100.00,99.95,0.05,,,
879226908,100.00,99.95,0.05,,,
879249796,100.00,99.95,0.05,,,
879261968,100.00,99.95,0.05,,,
879283656,100.00,99.95,0.05,,,
879302256,100.00,99.95,0.05,,,
879327300,100.00,99.95,0.05,,,
879342896,100.00,99.95,0.05,,,
879366556,100.00,99.95,0.05,,,
879384048,100.00,99.95,0.05,,,
879406424,100.00,99.95,0.05,,,
879443044,100.00,99.95,0.05,,,
879485308,100.00,99.95,0.05,,,
879508544,100.00,99.95,0.05,,,
879539744,100.00,99.95,0.05,,,
879560320,100.00,99.95,0.05,,,
879589296,100.00,99.95,0.05,,,
879608248,100.00,99.95,0.05,,,
879632000,100.00,99.95,0.05,,,
879647348,100.00,99.95,0.05,,,
879672388,100.00,99.95,0.05,,,
879690472,100.00,99.95,0.05,,,
879710876,100.00,99.95,0.05,,,
879725192,100.00,99.95,0.05,,,
879750996,100.00,99.95,0.05,,,
879766772,100.00,99.95,0.05,,,
879793948,100.00,99.95,0.05,,,
879815984,100.00,99.95,0.05,,,
879843160,100.00,99.95,0.05,,,
879858680,100.00,99.95,0.05,,,
879882092,100.00,99.95,0.05,,,
879898552,100.00,99.95,0.05,,,
879921696,100.00,99.95,0.05,,,
879939188,100.00,99.95,0.05,,,
879963540,100.00,99.95,0.05,,,
879980688,100.00,99.95,0.05,,,
880003060,100.00,99.95,0.05,,,
880022352,100.00,99.95,0.05,,,
880052960,100.00,99.95,0.05,,,
880068904,100.00,99.95,0.05,,,
880093936,100.00,99.95,0.05,,,
880107484,100.00,99.95,0.05,,,
880132600,100.00,99.95,0.05,,,
880151548,100.00,99.95,0.05,,,
880174784,100.00,99.95,0.05,,,
880191932,100.00,99.95,0.05,,,
880217316,100.00,99.95,0.05,,,
880232492,100.00,99.95,0.05,,,
880257004,100.00,99.95,0.05,,,
880272352,100.00,99.95,0.05,,,
880298080,100.00,99.95,0.05,,,
880315820,100.00,99.95,0.05,,,
880337432,100.00,99.95,0.05,,,
880356628,100.00,99.95,0.05,,,
880378236,100.00,99.95,0.05,,,
880393932,100.00,99.95,0.05,,,
880419312,100.00,99.95,0.05,,,
880457384,100.00,99.95,0.05,,,
880500936,100.00,99.95,0.05,,,
880524168,100.00,99.95,0.05,,,
880556916,100.00,99.95,0.05,,,
880575696,100.00,99.95,0.05,,,
880602612,100.00,99.95,0.05,,,
880620624,100.00,99.95,0.05,,,
880646424,100.00,99.95,0.05,,,
880659452,100.00,99.95,0.05,,,
880682000,100.00,99.95,0.05,,,
880698628,100.00,99.95,0.05,,,
880721860,100.00,99.95,0.05,,,
880738572,100.00,99.95,0.05,,,
880767376,100.00,99.95,0.05,,,
880787780,100.00,99.95,0.05,,,
880811780,100.00,99.95,0.05,,,
880829100,100.00,99.95,0.05,,,
880855248,100.00,99.95,0.05,,,
880892796,100.00,99.95,0.05,,,
880936612,100.00,99.95,0.05,,,
880958472,100.00,99.95,0.05,,,
880999276,100.00,99.95,0.05,,,
881019336,100.00,99.95,0.05,,,
881049420,100.00,99.95,0.05,,,
881068200,100.00,99.95,0.05,,,
881089884,100.00,99.95,0.05,,,
881104884,100.00,99.95,0.05,,,
881130092,100.00,99.95,0.05,,,
881147932,100.00,99.95,0.05,,,
881171588,100.00,99.95,0.05,,,
881188220,100.00,99.95,0.05,,,
881213248,100.00,99.95,0.05,,,
881230920,100.00,99.95,0.05,,,
881287152,100.00,99.95,0.05,,,
881313644,100.00,99.95,0.05,,,
881349224,100.00,99.95,0.05,,,
881366624,100.00,99.95,0.05,,,
881394660,100.00,99.95,0.05,,,
881410948,100.00,99.95,0.05,,,
881432556,100.00,99.95,0.05,,,
881450988,100.00,99.95,0.05,,,
881475504,100.00,99.95,0.05,,,
881488880,100.00,99.95,0.05,,,
881512712,100.00,99.95,0.05,,,
881528060,100.00,99.95,0.05,,,
881552828,100.00,99.95,0.05,,,
881568516,100.00,99.95,0.05,,,
881597916,100.00,99.95,0.05,,,
881615068,100.00,99.95,0.05,,,
881674560,100.00,99.95,0.05,,,
881697968,100.00,99.95,0.05,,,
881736112,100.00,99.95,0.05,,,
881756088,100.00,99.95,0.05,,,
881784552,100.00,99.95,0.05,,,
881804188,100.00,99.95,0.05,,,
881827768,100.00,99.95,0.05,,,
881844404,100.00,99.95,0.05,,,
881868744,100.00,99.95,0.05,,,
881883236,100.00,99.95,0.05,,,
881908440,100.00,99.95,0.05,,,
881921816,100.00,99.95,0.05,,,
881943080,100.00,99.95,0.05,,,
881961680,100.00,99.95,0.05,,,
881987572,100.00,99.95,0.05,,,
882002236,100.00,99.95,0.05,,,
882027960,100.00,99.95,0.05,,,
882043476,100.00,99.95,0.05,,,
882066024,100.00,99.95,0.05,,,
882084284,100.00,99.95,0.05,,,
882110772,100.00,99.95,0.05,,,
882129376,100.00,99.95,0.05,,,
882153204,100.00,99.95,0.05,,,
882167516,100.00,99.95,0.05,,,
882191348,100.00,99.95,0.05,,,
882205840,100.00,99.95,0.05,,,
882228900,100.00,99.95,0.05,,,
882244844,100.00,99.95,0.05,,,
882268252,100.00,99.95,0.05,,,
882284880,100.00,99.95,0.05,,,
882313512,100.00,99.95,0.05,,,
882331004,100.00,99.95,0.05,,,
882352092,100.00,99.95,0.05,,,
882393420,100.00,99.95,0.05,,,
882434576,100.00,99.95,0.05,,,
882459608,100.00,99.95,0.05,,,
882491844,100.00,99.95,0.05,,,
882512076,100.00,99.95,0.05,,,
882540880,100.00,99.95,0.05,,,
882556740,100.00,99.95,0.05,,,
882581952,100.00,99.95,0.05,,,
882622416,100.00,99.95,0.05,,,
882665544,100.00,99.95,0.05,,,
882685944,100.00,99.95,0.05,,,
882715520,100.00,99.95,0.05,,,
882735408,100.00,99.95,0.05,,,
882759332,100.00,99.95,0.05,,,
882774928,100.00,99.95,0.05,,,
882797992,100.00,99.95,0.05,,,
882815828,100.00,99.95,0.05,,,
882838556,100.00,99.95,0.05,,,
882854324,100.00,99.95,0.05,,,
882880984,100.00,99.95,0.05,,,
882897100,100.00,99.95,0.05,,,
882924624,100.00,99.95,0.05,,,
882942708,100.00,99.95,0.05,,,
882964316,100.00,99.95,0.05,,,
882982924,100.00,99.95,0.05,,,
883007440,100.00,99.95,0.05,,,
883024244,100.00,99.95,0.05,,,
883048340,100.00,99.95,0.05,,,
883066428,100.00,99.95,0.05,,,
883091292,100.00,99.95,0.05,,,
883110072,100.00,99.95,0.05,,,
883133304,100.00,99.95,0.05,,,
883148652,100.00,99.95,0.05,,,
883208840,100.00,99.95,0.05,,,
883232760,100.00,99.95,0.05,,,
883265932,100.00,99.95,0.05,,,
883285396,100.00,99.95,0.05,,,
883313260,100.00,99.95,0.05,,,
883331180,100.00,99.95,0.05,,,
883357664,100.00,99.95,0.05,,,
883376784,100.00,99.95,0.05,,,
883398392,100.00,99.95,0.05,,,
883414092,100.00,99.95,0.05,,,
883442036,100.00,99.95,0.05,,,
883457212,100.00,99.95,0.05,,,
883481728,100.00,99.95,0.05,,,
883498528,100.00,99.95,0.05,,,
883522108,100.00,99.95,0.05,,,
883540880,100.00,99.95,0.05,,,
883603208,100.00,99.95,0.05,,,
883631668,100.00,99.95,0.05,,,
883666732,100.00,99.95,0.05,,,
883684652,100.00,99.95,0.05,,,
883715944,100.00,99.95,0.05,,,
883730604,100.00,99.95,0.05,,,
883755372,100.00,99.95,0.05,,,
883772172,100.00,99.95,0.05,,,
883797212,100.00,99.95,0.05,,,
883812636,100.00,99.95,0.05,,,
883838360,100.00,99.95,0.05,,,
883851396,100.00,99.95,0.05,,,
883877708,100.00,99.95,0.05,,,
883894688,100.00,99.95,0.05,,,
883948532,100.00,99.95,0.05,,,
883978624,100.00,99.95,0.05,,,
884012064,100.00,99.95,0.05,,,
884031776,100.00,99.95,0.05,,,
884062384,100.00,99.95,0.05,,,
884079184,100.00,99.95,0.05,,,
884101904,100.00,99.95,0.05,,,
884118712,100.00,99.95,0.05,,,
884142368,100.00,99.95,0.05,,,
884158828,100.00,99.95,0.05,,,
884184800,100.00,99.95,0.05,,,
884199804,100.00,99.95,0.05,,,
884224324,100.00,99.95,0.05,,,
884242924,100.00,99.95,0.05,,,
884265812,100.00,99.95,0.05,,,
884281588,100.00,99.95,0.05,,,
884309796,100.00,99.95,0.05,,,
884328400,100.00,99.95,0.05,,,
884350944,100.00,99.95,0.05,,,
884367412,100.00,99.95,0.05,,,
884391580,100.00,99.95,0.05,,,
884408040,100.00,99.95,0.05,,,
884431792,100.00,99.95,0.05,,,
884450820,100.00,99.95,0.05,,,
884474400,100.00,99.95,0.05,,,
884512644,100.00,99.95,0.05,,,
884555596,100.00,99.95,0.05,,,
884581228,100.00,99.95,0.05,,,
884611832,100.00,99.95,0.05,,,
884631472,100.00,99.95,0.05,,,
884656852,100.00,99.95,0.05,,,
884674516,100.00,99.95,0.05,,,
884698524,100.00,99.95,0.05,,,
884713180,100.00,99.95,0.05,,,
884736080,100.00,99.95,0.05,,,
884752356,100.00,99.95,0.05,,,
884782620,100.00,99.95,0.05,,,
884797624,100.00,99.95,0.05,,,
884820684,100.00,99.95,0.05,,,
884840144,100.00,99.95,0.05,,,
884861920,100.00,99.95,0.05,,,
884900416,100.00,99.95,0.05,,,
884942504,100.00,99.95,0.05,,,
884967192,100.00,99.95,0.05,,,
885001228,100.00,99.95,0.05,,,
885020344,100.00,99.95,0.05,,,
885051468,100.00,99.95,0.05,,,
885067408,100.00,99.95,0.05,,,
885090896,100.00,99.95,0.05,,,
885110188,100.00,99.95,0.05,,,
885134708,100.00,99.95,0.05,,,
885152368,100.00,99.95,0.05,,,
885177656,100.00,99.95,0.05,,,
885192832,100.00,99.95,0.05,,,
885216488,100.00,99.95,0.05,,,
885232176,100.00,99.95,0.05,,,
885254724,100.00,99.95,0.05,,,
885294248,100.00,99.95,0.05,,,
885339176,100.00,99.95,0.05,,,
885361544,100.00,99.95,0.05,,,
885391808,100.00,99.95,0.05,,,
885408788,100.00,99.95,0.05,,,
885439044,100.00,99.95,0.05,,,
885456364,100.00,99.95,0.05,,,
885477972,100.00,99.95,0.05,,,
885494772,100.00,99.95,0.05,,,
885518012,100.00,99.95,0.05,,,
885532156,100.00,99.95,0.05,,,
885557016,100.00,99.95,0.05,,,
885574168,100.00,99.95,0.05,,,
885600828,100.00,99.95,0.05,,,
885617976,100.00,99.95,0.05,,,
885642840,100.00,99.95,0.05,,,
885657672,100.00,99.95,0.05,,,
885682360,100.00,99.95,0.05,,,
885702764,100.00,99.95,0.05,,,
885728140,100.00,99.95,0.05,,,
885743912,100.00,99.95,0.05,,,
885770748,100.00,99.95,0.05,,,
885788580,100.00,99.95,0.05,,,
885815496,100.00,99.95,0.05,,,
885834096,100.00,99.95,0.05,,,
885858616,100.00,99.95,0.05,,,
885874308,100.00,99.95,0.05,,,
885900200,100.00,99.95,0.05,,,
885917692,100.00,99.95,0.05,,,
885940416,100.00,99.95,0.05,,,
885957560,100.00,99.95,0.05,,,
885983708,100.00,99.95,0.05,,,
885998196,100.00,99.95,0.05,,,
886022888,100.00,99.95,0.05,,,
886039692,100.00,99.95,0.05,,,
886064036,100.00,99.95,0.05,,,
886080320,100.00,99.95,0.05,,,
886105872,100.00,99.95,0.05,,,
886120876,100.00,99.95,0.05,,,
886145224,100.00,99.95,0.05,,,
886159880,100.00,99.95,0.05,,,
886184568,100.00,99.95,0.05,,,
886199480,100.00,99.95,0.05,,,
886222372,100.00,99.95,0.05,,,
886239860,100.00,99.95,0.05,,,
886264724,100.00,99.95,0.05,,,
886281872,100.00,99.95,0.05,,,
886309228,100.00,99.95,0.05,,,
886328864,100.00,99.95,0.05,,,
886351752,100.00,99.95,0.05,,,
886367180,100.00,99.95,0.05,,,
886391184,100.00,99.95,0.05,,,
886406784,100.00,99.95,0.05,,,
886434476,100.00,99.95,0.05,,,
886452904,100.00,99.95,0.05,,,
886474340,100.00,99.95,0.05,,,
886487372,100.00,99.95,0.05,,,
886515240,100.00,99.95,0.05,,,
886529212,100.00,99.95,0.05,,,
886555352,100.00,99.95,0.05,,,
886573956,100.00,99.95,0.05,,,
886600104,100.00,99.95,0.05,,,
886616140,100.00,99.95,0.05,,,
886642628,100.00,99.95,0.05,,,
886662856,100.00,99.95,0.05,,,
886688752,100.00,99.95,0.05,,,
886704524,100.00,99.95,0.05,,,
886729216,100.00,99.95,0.05,,,
886746016,100.00,99.95,0.05,,,
886771992,100.00,99.95,0.05,,,
886788024,100.00,99.95,0.05,,,
886810572,100.00,99.95,0.05,,,
886827032,100.00,99.95,0.05,,,
886851204,100.00,99.95,0.05,,,
886868008,100.00,99.95,0.05,,,
886893980,100.00,99.95,0.05,,,
886911300,100.00,99.95,0.05,,,
886934708,100.00,99.95,0.05,,,
886950476,100.00,99.95,0.05,,,
886981252,100.00,99.95,0.05,,,
887025840,100.00,99.95,0.05,,,
887072732,100.00,99.95,0.05,,,
887097848,100.00,99.95,0.05,,,
887129656,100.00,99.95,0.05,,,
887148428,100.00,99.95,0.05,,,
887173812,100.00,99.95,0.05,,,
887190440,100.00,99.95,0.05,,,
887213756,100.00,99.95,0.05,,,
887230216,100.00,99.95,0.05,,,
887252760,100.00,99.95,0.05,,,
887268112,100.00,99.95,0.05,,,
887294012,100.00,99.95,0.05,,,
887312264,100.00,99.95,0.05,,,
887334468,100.00,99.95,0.05,,,
887350584,100.00,99.95,0.05,,,
887380596,100.00,99.95,0.05,,,
887396288,100.00,99.95,0.05,,,
887419352,100.00,99.95,0.05,,,
887437440,100.00,99.95,0.05,,,
887461784,100.00,99.95,0.05,,,
887476444,100.00,99.95,0.05,,,
887502248,100.00,99.95,0.05,,,
887519048,100.00,99.95,0.05,,,
887544260,100.00,99.95,0.05,,,
887567496,100.00,99.95,0.05,,,
887611732,100.00,99.95,0.05,,,
887638736,100.00,99.95,0.05,,,
887680660,100.00,99.95,0.05,,,
887710924,100.00,99.95,0.05,,,
887751308,100.00,99.95,0.05,,,
887777460,100.00,99.95,0.05,,,
887815780,100.00,99.95,0.05,,,
887842960,100.00,99.95,0.05,,,
887878276,100.00,99.95,0.05,,,
887899712,100.00,99.95,0.05,,,
887934952,100.00,99.95,0.05,,,
887953732,100.00,99.95,0.05,,,
887995652,100.00,99.95,0.05,,,
888021380,100.00,99.95,0.05,,,
888048040,100.00,99.95,0.05,,,
888063728,100.00,99.95,0.05,,,
888087736,100.00,99.95,0.05,,,
888101972,100.00,99.95,0.05,,,
888130088,100.00,99.95,0.05,,,
888147752,100.00,99.95,0.05,,,
888175524,100.00,99.95,0.05,,,
888194896,100.00,99.95,0.05,,,
888223528,100.00,99.95,0.05,,,
888240680,100.00,99.95,0.05,,,
888273600,100.00,99.95,0.05,,,
888295632,100.00,99.95,0.05,,,
888323236,100.00,99.95,0.05,,,
888338660,100.00,99.95,0.05,,,
888364380,100.00,99.95,0.05,,,
888381184,100.00,99.95,0.05,,,
888403560,100.00,99.95,0.05,,,
888417012,100.00,99.95,0.05,,,
888442048,100.00,99.95,0.05,,,
888482168,100.00,99.95,0.05,,,
888531380,100.00,99.95,0.05,,,
888553756,100.00,99.95,0.05,,,
888584016,100.00,99.95,0.05,,,
888602796,100.00,99.95,0.05,,,
888628424,100.00,99.95,0.05,,,
888645396,100.00,99.95,0.05,,,
888668712,100.00,99.95,0.05,,,
888681576,100.00,99.95,0.05,,,
888706684,100.00,99.95,0.05,,,
888725804,100.00,99.95,0.05,,,
888747072,100.00,99.95,0.05,,,
888766188,100.00,99.95,0.05,,,
888796204,100.00,99.95,0.05,,,
888815916,100.00,99.95,0.05,,,
888838464,100.00,99.95,0.05,,,
888854496,100.00,99.95,0.05,,,
888877640,100.00,99.95,0.05,,,
888892644,100.00,99.95,0.05,,,
888915188,100.00,99.95,0.05,,,
888930368,100.00,99.95,0.05,,,
888957544,100.00,99.95,0.05,,,
888973832,100.00,99.95,0.05,,,
888997412,100.00,99.95,0.05,,,
889012588,100.00,99.95,0.05,,,
889039940,100.00,99.95,0.05,,,
889055536,100.00,99.95,0.05,,,
889077144,100.00,99.95,0.05,,,
889093776,100.00,99.95,0.05,,,
889115556,100.00,99.95,0.05,,,
889131332,100.00,99.95,0.05,,,
889156712,100.00,99.95,0.05,,,
889173344,100.00,99.95,0.05,,,
889197864,100.00,99.95,0.05,,,
889214664,100.00,99.95,0.05,,,
889238248,100.00,99.95,0.05,,,
889254708,100.00,99.95,0.05,,,
889284972,100.00,99.95,0.05,,,
889301012,100.00,99.95,0.05,,,
889325700,100.00,99.95,0.05,,,
889341640,100.00,99.95,0.05,,,
889364956,100.00,99.95,0.05,,,
889379612,100.00,99.95,0.05,,,
889401220,100.00,99.95,0.05,,,
889416400,100.00,99.95,0.05,,,
889439980,100.00,99.95,0.05,,,
889456440,100.00,99.95,0.05,,,
889476844,100.00,99.95,0.05,,,
889494336,100.00,99.95,0.05,,,
889516540,100.00,99.95,0.05,,,
889531892,100.00,99.95,0.05,,,
889557960,100.00,99.95,0.05,,,
889575108,100.00,99.95,0.05,,,
889597316,100.00,99.95,0.05,,,
889616092,100.00,99.95,0.05,,,
889647980,100.00,99.95,0.05,,,
889664096,100.00,99.95,0.05,,,
889695564,100.00,99.95,0.05,,,
889725232,100.00,99.95,0.05,,,
889759604,100.00,99.95,0.05,,,
889779072,100.00,99.95,0.05,,,
889816876,100.00,99.95,0.05,,,
889831540,100.00,99.95,0.05,,,
889858452,100.00,99.95,0.05,,,
889875252,100.00,99.95,0.05,,,
889899600,100.00,99.95,0.05,,,
889916400,100.00,99.95,0.05,,,
889939640,100.00,99.95,0.05,,,
889957556,100.00,99.95,0.05,,,
889983872,100.00,99.95,0.05,,,
889997672,100.00,99.95,0.05,,,
890024508,100.00,99.95,0.05,,,
890064112,100.00,99.95,0.05,,,
890121208,100.00,99.95,0.05,,,
890146076,100.00,99.95,0.05,,,
890177964,100.00,99.95,0.05,,,
890195800,100.00,99.95,0.05,,,
890225544,100.00,99.95,0.05,,,
890242944,100.00,99.95,0.05,,,
890275012,100.00,99.95,0.05,,,
890294816,100.00,99.95,0.05,,,
890325008,100.00,99.95,0.05,,,
890342576,100.00,99.95,0.05,,,
890373524,100.00,99.95,0.05,,,
890393504,100.00,99.95,0.05,,,
890424112,100.00,99.95,0.05,,,
890445548,100.00,99.95,0.05,,,
890473324,100.00,99.95,0.05,,,
890494416,100.00,99.95,0.05,,,
890521424,100.00,99.95,0.05,,,
890540716,100.00,99.95,0.05,,,
890568416,100.00,99.95,0.05,,,
890585044,100.00,99.95,0.05,,,
890607420,100.00,99.95,0.05,,,
890625340,100.00,99.95,0.05,,,
890649612,100.00,99.95,0.05,,,
890664096,100.00,99.95,0.05,,,
890691276,100.00,99.95,0.05,,,
890706796,100.00,99.95,0.05,,,
890729864,100.00,99.95,0.05,,,
890745904,100.00,99.95,0.05,,,
890774020,100.00,99.95,0.05,,,
890794252,100.00,99.95,0.05,,,
890821432,100.00,99.95,0.05,,,
890837380,100.00,99.95,0.05,,,
890867392,100.00,99.95,0.05,,,
890882476,100.00,99.95,0.05,,,
890907164,100.00,99.95,0.05,,,
890924144,100.00,99.95,0.05,,,
890947972,100.00,99.95,0.05,,,
890962116,100.00,99.95,0.05,,,
890991956,100.00,99.95,0.05,,,
891009448,100.00,99.95,0.05,,,
891031228,100.00,99.95,0.05,,,
891048720,100.00,99.95,0.05,,,
891073588,100.00,99.95,0.05,,,
891093988,100.00,99.95,0.05,,,
891119368,100.00,99.95,0.05,,,
891165756,100.00,99.95,0.05,,,
891209744,100.00,99.95,0.05,,,
891233916,100.00,99.95,0.05,,,
891266668,100.00,99.95,0.05,,,
891284508,100.00,99.95,0.05,,,
891307988,100.00,99.95,0.05,,,
891322824,100.00,99.95,0.05,,,
891350768,100.00,99.95,0.05,,,
891368684,100.00,99.95,0.05,,,
891390980,100.00,99.95,0.05,,,
891408124,100.00,99.95,0.05,,,
891430840,100.00,99.95,0.05,,,
891444300,100.00,99.95,0.05,,,
891468816,100.00,99.95,0.05,,,
891488700,100.00,99.95,0.05,,,
891508332,100.00,99.95,0.05,,,
891523852,100.00,99.95,0.05,,,
891584728,100.00,99.95,0.05,,,
891609928,100.00,99.95,0.05,,,
891642848,100.00,99.95,0.05,,,
891659136,100.00,99.95,0.05,,,
891686832,100.00,99.95,0.05,,,
891704748,100.00,99.95,0.05,,,
891726876,100.00,99.95,0.05,,,
891742224,100.00,99.95,0.05,,,
891764080,100.00,99.95,0.05,,,
891779768,100.00,99.95,0.05,,,
891805324,100.00,99.95,0.05,,,
891844160,100.00,99.95,0.05,,,
891882060,100.00,99.95,0.05,,,
891904016,100.00,99.95,0.05,,,
891936588,100.00,99.95,0.05,,,
891956304,100.00,99.95,0.05,,,
891984764,100.00,99.95,0.05,,,
892003192,100.00,99.95,0.05,,,
892026088,100.00,99.95,0.05,,,
892040996,100.00,99.95,0.05,,,
892062780,100.00,99.95,0.05,,,
892078028,100.00,99.95,0.05,,,
892101092,100.00,99.95,0.05,,,
892116956,100.00,99.95,0.05,,,
892141652,100.00,99.95,0.05,,,
892154852,100.00,99.95,0.05,,,
892178856,100.00,99.95,0.05,,,
892193516,100.00,99.95,0.05,,,
892218204,100.00,99.95,0.05,,,
892258672,100.00,99.95,0.05,,,
892299312,100.00,99.95,0.05,,,
892324004,100.00,99.95,0.05,,,
892356752,100.00,99.95,0.05,,,
892375356,100.00,99.95,0.05,,,
892398764,100.00,99.95,0.05,,,
892416084,100.00,99.95,0.05,,,
892439484,100.00,99.95,0.05,,,
892455948,100.00,99.95,0.05,,,
892480984,100.00,99.95,0.05,,,
893032384,100.00,99.95,0.05,,,
893066936,100.00,99.95,0.05,,,
893799520,100.00,99.95,0.05,,,
893871360,100.00,99.95,0.05,,,
893903000,100.00,99.95,0.05,,,
893952636,100.00,99.95,0.05,,,
893994136,100.00,99.95,0.05,,,
894046004,100.00,99.95,0.05,,,
894080728,100.00,99.95,0.05,,,
894125312,100.00,99.95,0.05,,,
894161068,100.00,99.95,0.05,,,
894208384,100.00,99.95,0.05,,,
894244824,100.00,99.95,0.05,,,
894284260,100.00,99.95,0.05,,,
894317524,100.00,99.95,0.05,,,
894366744,100.00,99.95,0.05,,,
894405232,100.00,99.95,0.05,,,
894457528,100.00,99.95,0.05,,,
894484788,100.00,99.95,0.05,,,
894523032,100.00,99.95,0.05,,,
894555268,100.00,99.95,0.05,,,
894606532,100.00,99.95,0.05,,,
894644604,100.00,99.95,0.05,,,
894693476,100.00,99.95,0.05,,,
894727160,100.00,99.95,0.05,,,
894774580,100.00,99.95,0.05,,,
894811956,100.00,99.95,0.05,,,
894856372,100.00,99.95,0.05,,,
894882436,100.00,99.95,0.05,,,
894916472,100.00,99.95,0.05,,,
894942196,100.00,99.95,0.05,,,
894976920,100.00,99.95,0.05,,,
894998012,100.00,99.95,0.05,,,
895027928,100.00,99.95,0.05,,,
895048672,100.00,99.95,0.05,,,
895083572,100.00,99.95,0.05,,,
895100204,100.00,99.95,0.05,,,
895126620,100.00,99.95,0.05,,,
895147272,100.00,99.95,0.05,,,
895176592,100.00,99.95,0.05,,,
895203776,100.00,99.95,0.05,,,
895230780,100.00,99.95,0.05,,,
895254960,100.00,99.95,0.05,,,
895284284,100.00,99.95,0.05,,,
895304860,100.00,99.95,0.05,,,
895329720,100.00,99.95,0.05,,,
895349184,100.00,99.95,0.05,,,
895375332,100.00,99.95,0.05,,,
895398568,100.00,99.95,0.05,,,
895425404,100.00,99.95,0.05,,,
895445292,100.00,99.95,0.05,,,
895474792,100.00,99.95,0.05,,,
895497340,100.00,99.95,0.05,,,
895527256,100.00,99.95,0.05,,,
895555892,100.00,99.95,0.05,,,
895587704,100.00,99.95,0.05,,,
895611800,100.00,99.95,0.05,,,
895641892,100.00,99.95,0.05,,,
895664784,100.00,99.95,0.05,,,
895688024,100.00,99.95,0.05,,,
895707316,100.00,99.95,0.05,,,
895743492,100.00,99.95,0.05,,,
895769048,100.00,99.95,0.05,,,
895802664,100.00,99.95,0.05,,,
895824100,100.00,99.95,0.05,,,
895847928,100.00,99.95,0.05,,,
895869708,100.00,99.95,0.05,,,
895900660,100.00,99.95,0.05,,,
895921836,100.00,99.95,0.05,,,
895950300,100.00,99.95,0.05,,,
895967624,100.00,99.95,0.05,,,
895992316,100.00,99.95,0.05,,,
896011956,100.00,99.95,0.05,,,
896038444,100.00,99.95,0.05,,,
896057392,100.00,99.95,0.05,,,
896081564,100.00,99.95,0.05,,,
896095536,100.00,99.95,0.05,,,
896117656,100.00,99.95,0.05,,,
896135916,100.00,99.95,0.05,,,
896160092,100.00,99.95,0.05,,,
896175688,100.00,99.95,0.05,,,
896227392,100.00,99.95,0.05,,,
896254736,100.00,99.95,0.05,,,
896286720,100.00,99.95,0.05,,,
896307544,100.00,99.95,0.05,,,
896338836,100.00,99.95,0.05,,,
896357096,100.00,99.95,0.05,,,
896381616,100.00,99.95,0.05,,,
896400392,100.00,99.95,0.05,,,
896421308,100.00,99.95,0.05,,,
896440428,100.00,99.95,0.05,,,
896463660,100.00,99.95,0.05,,,
896478744,100.00,99.95,0.05,,,
896503260,100.00,99.95,0.05,,,
896542792,100.00,99.95,0.05,,,
896583080,100.00,99.95,0.05,,,
896605284,100.00,99.95,0.05,,,
896636748,100.00,99.95,0.05,,,
896656808,100.00,99.95,0.05,,,
896681496,100.00,99.95,0.05,,,
896695392,100.00,99.95,0.05,,,
896721192,100.00,99.95,0.05,,,
896738340,100.00,99.95,0.05,,,
896760364,100.00,99.95,0.05,,,
896800408,100.00,99.95,0.05,,,
896841560,100.00,99.95,0.05,,,
896865216,100.00,99.95,0.05,,,
896893168,100.00,99.95,0.05,,,
896910564,100.00,99.95,0.05,,,
896935768,100.00,99.95,0.05,,,
896953260,100.00,99.95,0.05,,,
896977436,100.00,99.95,0.05,,,
897005552,100.00,99.95,0.05,,,
897030072,100.00,99.95,0.05,,,
897050132,100.00,99.95,0.05,,,
897070704,100.00,99.95,0.05,,,
897088544,100.00,99.95,0.05,,,
897111772,100.00,99.95,0.05,,,
897126608,100.00,99.95,0.05,,,
897151296,100.00,99.95,0.05,,,
897193140,100.00,99.95,0.05,,,
897235744,100.00,99.95,0.05,,,
897268324,100.00,99.95,0.05,,,
897302108,100.00,99.95,0.05,,,
897320880,100.00,99.95,0.05,,,
897350452,100.00,99.95,0.05,,,
897368540,100.00,99.95,0.05,,,
897391776,100.00,99.95,0.05,,,
897406436,100.00,99.95,0.05,,,
897430360,100.00,99.95,0.05,,,
897443224,100.00,99.95,0.05,,,
897467144,100.00,99.95,0.05,,,
897483432,100.00,99.95,0.05,,,
897502972,100.00,99.95,0.05,,,
897559044,100.00,99.95,0.05,,,
897602688,100.00,99.95,0.05,,,
897625576,100.00,99.95,0.05,,,
897651468,100.00,99.95,0.05,,,
897673332,100.00,99.95,0.05,,,
897699644,100.00,99.95,0.05,,,
897715592,100.00,99.95,0.05,,,
897739000,100.00,99.95,0.05,,,
897755800,100.00,99.95,0.05,,,
897775864,100.00,99.95,0.05,,,
897792492,100.00,99.95,0.05,,,
897815040,100.00,99.95,0.05,,,
897832872,100.00,99.95,0.05,,,
897856708,100.00,99.95,0.05,,,
897872816,100.00,99.95,0.05,,,
897896652,100.00,99.95,0.05,,,
897917564,100.00,99.95,0.05,,,
897941744,100.00,99.95,0.05,,,
897957168,100.00,99.95,0.05,,,
897980748,100.00,99.95,0.05,,,
898031584,100.00,99.95,0.05,,,
898076340,100.00,99.95,0.05,,,
898105316,100.00,99.95,0.05,,,
898140216,100.00,99.95,0.05,,,
898161644,100.00,99.95,0.05,,,
898186588,100.00,99.95,0.05,,,
898201764,100.00,99.95,0.05,,,
898226456,100.00,99.95,0.05,,,
898240600,100.00,99.95,0.05,,,
898265460,100.00,99.95,0.05,,,
898285436,100.00,99.95,0.05,,,
898314496,100.00,99.95,0.05,,,
898331128,100.00,99.95,0.05,,,
898357192,100.00,99.95,0.05,,,
898371684,100.00,99.95,0.05,,,
898397136,100.00,99.95,0.05,,,
898415568,100.00,99.95,0.05,,,
898442828,100.00,99.95,0.05,,,
898459288,100.00,99.95,0.05,,,
898481664,100.00,99.95,0.05,,,
898500092,100.00,99.95,0.05,,,
898529760,100.00,99.95,0.05,,,
898544076,100.00,99.95,0.05,,,
898568168,100.00,99.95,0.05,,,
898587632,100.00,99.95,0.05,,,
898611464,100.00,99.95,0.05,,,
898623560,100.00,99.95,0.05,,,
898644304,100.00,99.95,0.05,,,
898659132,100.00,99.95,0.05,,,
898682200,100.00,99.95,0.05,,,
898699692,100.00,99.95,0.05,,,
898763056,100.00,99.95,0.05,,,
898794348,100.00,99.95,0.05,,,
898830272,100.00,99.95,0.05,,,
898850336,100.00,99.95,0.05,,,
898877764,100.00,99.95,0.05,,,
